ACCIDENT_NO,ACCIDENT_DATE,ACCIDENT_TIME,DAY_WEEK_DESC,ACCIDENT_TYPE,ACCIDENT_TYPE_DESC,SEVERITY_RANK,LIGHT_CONDITION_DESC,LGA_NAME,ROAD_GEOMETRY_DESC,SPEED_ZONE,LATITUDE,LONGITUDE
T20160014027,27-06-2016,08:30:00,Monday,4,Collision with a fixed object,2,Day,BASS COAST,Not at intersection,100,-38.419418,145.46579
T20160014362,01-07-2016,00:10:00,Friday,2,Struck Pedestrian,3,Dark No street lights,BASS COAST,Not at intersection,50,-38.453196,145.226
T20160014585,05-07-2016,07:42:00,Tuesday,8,No collision and no object struck,3,Dusk/Dawn,BASS COAST,Not at intersection,100,-38.583203,145.620983
T20160015348,14-07-2016,17:45:00,Thursday,1,Collision with vehicle,3,Dark Street lights on,BASS COAST,Cross intersection,60,-38.46364,145.238984
T20160015420,13-07-2016,08:00:00,Wednesday,4,Collision with a fixed object,3,Day,BASS COAST,Not at intersection,100,-38.519681,145.659971
T20160015576,16-07-2016,13:15:00,Saturday,6,Vehicle overturned (no collision),3,Day,BASS COAST,Not at intersection,80,-38.454151,145.542037
T20160015667,13-07-2016,05:15:00,Wednesday,6,Vehicle overturned (no collision),2,Dark No street lights,BASS COAST,Not at intersection,100,-38.551125,145.69266
T20160015689,18-07-2016,18:30:00,Monday,3,Struck animal,3,Dark No street lights,BASS COAST,Not at intersection,100,-38.55815,145.71466
T20160015888,17-07-2016,13:10:00,Sunday,6,Vehicle overturned (no collision),3,Day,BASS COAST,Multiple intersection,60,-38.668869,145.621661
T20160016111,23-07-2016,16:05:00,Saturday,1,Collision with vehicle,3,Dusk/Dawn,BASS COAST,Cross intersection,60,-38.496687,145.257596
T20160016477,28-07-2016,17:19:00,Thursday,1,Collision with vehicle,2,Dusk/Dawn,BASS COAST,Not at intersection,60,-38.552319,145.479661
T20160016700,31-07-2016,14:00:00,Sunday,1,Collision with vehicle,3,Day,BASS COAST,Cross intersection,50,-38.51351,145.359727
T20160018203,19-08-2016,18:00:00,Friday,1,Collision with vehicle,3,Dark No street lights,BASS COAST,Cross intersection,80,-38.496697,145.238932
T20160018414,17-08-2016,13:30:00,Wednesday,8,No collision and no object struck,3,Day,BASS COAST,T intersection,60,-38.601393,145.600945
T20160018642,25-08-2016,23:40:00,Thursday,1,Collision with vehicle,3,Dark Street lights on,BASS COAST,Cross intersection,60,-38.609522,145.589752
T20160019123,01-09-2016,08:00:00,Thursday,1,Collision with vehicle,2,Day,BASS COAST,Cross intersection,100,-38.520572,145.593725
T20160020046,12-09-2016,15:10:00,Monday,1,Collision with vehicle,3,Day,BASS COAST,T intersection,100,-38.626241,145.726149
T20160020054,03-09-2016,00:30:00,Saturday,4,Collision with a fixed object,3,Dark Street lights on,BASS COAST,Not at intersection,60,-38.526192,145.369957
T20160020638,22-08-2016,09:20:00,Monday,4,Collision with a fixed object,3,Day,BASS COAST,Not at intersection,100,-38.437152,145.489381
T20160020649,21-09-2016,18:10:00,Wednesday,1,Collision with vehicle,3,Dusk/Dawn,BASS COAST,T intersection,60,-38.600566,145.592851
T20160020852,24-09-2016,15:15:00,Saturday,1,Collision with vehicle,3,Day,BASS COAST,Cross intersection,80,-38.62698,145.721973
T20160021049,27-09-2016,16:45:00,Tuesday,1,Collision with vehicle,3,Day,BASS COAST,Cross intersection,60,-38.601845,145.599924
T20160021197,29-09-2016,16:00:00,Thursday,4,Collision with a fixed object,3,Day,BASS COAST,Not at intersection,100,-38.46066,145.441459
T20160021389,02-10-2016,09:35:00,Sunday,1,Collision with vehicle,2,Day,BASS COAST,Cross intersection,100,-38.500129,145.461469
T20160021566,05-10-2016,13:40:00,Wednesday,6,Vehicle overturned (no collision),3,Day,BASS COAST,Not at intersection,100,-38.59997,145.725576
T20160021883,08-10-2016,22:45:00,Saturday,7,Fall from or in moving vehicle,2,Dark No street lights,BASS COAST,Not at intersection,100,-38.577163,145.68391
T20160021938,12-07-2016,16:30:00,Tuesday,8,No collision and no object struck,3,Day,BASS COAST,Cross intersection,50,-38.616198,145.585171
T20160022067,05-10-2016,08:30:00,Wednesday,1,Collision with vehicle,3,Day,BASS COAST,Cross intersection,80,-38.463668,145.257665
T20160022347,15-10-2016,14:30:00,Saturday,1,Collision with vehicle,3,Day,BASS COAST,Not at intersection,70,-38.514668,145.35147
T20160022469,18-09-2016,14:10:00,Sunday,1,Collision with vehicle,3,Day,BASS COAST,T intersection,100,-38.478825,145.470149
T20160023005,24-10-2016,08:20:00,Monday,1,Collision with vehicle,3,Day,BASS COAST,Not at intersection,100,-38.519092,145.434592
T20160023338,28-10-2016,14:00:00,Friday,2,Struck Pedestrian,3,Day,BASS COAST,Not at intersection,50,-38.52124,145.335233
T20160023781,03-11-2016,19:35:00,Thursday,6,Vehicle overturned (no collision),2,Dusk/Dawn,BASS COAST,Not at intersection,50,-38.45202,145.245656
T20160024172,07-05-2016,20:30:00,Saturday,4,Collision with a fixed object,3,Dusk/Dawn,BASS COAST,Not at intersection,50,-38.41167,145.537061
T20160025170,21-11-2016,18:15:00,Monday,1,Collision with vehicle,3,Day,BASS COAST,Cross intersection,60,-38.630982,145.725496
T20160025239,13-11-2016,13:15:00,Sunday,1,Collision with vehicle,3,Day,BASS COAST,Not at intersection,70,-38.563808,145.542779
T20160025683,28-11-2016,07:15:00,Monday,6,Vehicle overturned (no collision),3,Day,BASS COAST,T intersection,100,-38.503471,145.619032
T20160025994,02-12-2016,03:30:00,Friday,2,Struck Pedestrian,2,Dark Street lights unknown,BASS COAST,Not at intersection,50,-38.448063,145.24164
T20160026185,04-12-2016,19:15:00,Sunday,4,Collision with a fixed object,3,Day,BASS COAST,Cross intersection,60,-38.496697,145.238932
T20160026385,07-12-2016,11:00:00,Wednesday,1,Collision with vehicle,3,Day,BASS COAST,T intersection,50,-38.672065,145.617913
T20160027180,17-12-2016,09:00:00,Saturday,1,Collision with vehicle,3,Day,BASS COAST,Cross intersection,100,-38.433019,145.496691
T20160027228,17-12-2016,19:30:00,Saturday,1,Collision with vehicle,1,Day,BASS COAST,Cross intersection,60,-38.496687,145.257596
T20160027327,19-12-2016,14:28:00,Monday,1,Collision with vehicle,3,Day,BASS COAST,Not at intersection,60,-38.549739,145.476211
T20160027626,23-12-2016,03:20:00,Friday,7,Fall from or in moving vehicle,3,Dark Street lights on,BASS COAST,Not at intersection,888,-38.45927,145.214811
T20160027673,23-12-2016,15:38:00,Friday,1,Collision with vehicle,2,Day,BASS COAST,Not at intersection,100,-38.514673,145.440603
T20160027701,11-12-2016,11:00:00,Sunday,8,No collision and no object struck,3,Day,BASS COAST,T intersection,999,-38.484268,145.57112
T20160027828,26-12-2016,19:00:00,Monday,6,Vehicle overturned (no collision),2,Day,BASS COAST,Not at intersection,50,-38.381456,145.549771
T20160028135,30-12-2016,12:30:00,Friday,4,Collision with a fixed object,3,Day,BASS COAST,Not at intersection,100,-38.392752,145.540723
T20170000055,01-01-2017,19:00:00,Sunday,1,Collision with vehicle,3,Day,BASS COAST,Not at intersection,60,-38.456146,145.2224
T20170000693,12-01-2017,22:20:00,Thursday,2,Struck Pedestrian,2,Dark No street lights,BASS COAST,Not at intersection,100,-38.500699,145.461078
T20170000876,15-01-2017,14:30:00,Sunday,1,Collision with vehicle,3,Day,BASS COAST,Cross intersection,999,-38.40752,145.530234
T20170001340,22-01-2017,16:30:00,Sunday,1,Collision with vehicle,3,Day,BASS COAST,Not at intersection,100,-38.46665,145.537689
T20170001399,23-01-2017,13:00:00,Monday,1,Collision with vehicle,3,Day,BASS COAST,Not at intersection,100,-38.38107,145.554009
T20170001488,24-01-2017,20:20:00,Tuesday,1,Collision with vehicle,3,Dusk/Dawn,BASS COAST,T intersection,50,-38.604899,145.590983
T20170001531,25-01-2017,07:30:00,Wednesday,2,Struck Pedestrian,3,Day,BASS COAST,Not at intersection,40,-38.50224,145.229502
T20170001539,25-01-2017,13:45:00,Wednesday,1,Collision with vehicle,3,Day,BASS COAST,Not at intersection,60,-38.52703,145.334846
T20170002037,25-12-2016,12:00:00,Sunday,8,No collision and no object struck,3,Day,BASS COAST,Cross intersection,60,-38.60606,145.59115
T20170002526,08-02-2017,16:40:00,Wednesday,1,Collision with vehicle,3,Day,BASS COAST,T intersection,100,-38.472201,145.474807
T20170002743,14-11-2016,16:00:00,Monday,8,No collision and no object struck,3,Day,BASS COAST,Not at intersection,999,-38.5048,145.229501
T20170003342,19-02-2017,12:00:00,Sunday,1,Collision with vehicle,3,Day,BASS COAST,T intersection,80,-38.516529,145.342933
T20170003645,23-02-2017,12:10:00,Thursday,1,Collision with vehicle,3,Day,BASS COAST,Cross intersection,60,-38.630982,145.725496
T20170003690,23-02-2017,16:50:00,Thursday,1,Collision with vehicle,3,Day,BASS COAST,Not at intersection,100,-38.362439,145.638739
T20170003721,24-02-2017,09:20:00,Friday,1,Collision with vehicle,3,Day,BASS COAST,Cross intersection,80,-38.46361,145.20143
T20170003979,27-02-2017,13:00:00,Monday,4,Collision with a fixed object,2,Day,BASS COAST,Not at intersection,100,-38.34787,145.558218
T20170004241,02-03-2017,09:45:00,Thursday,1,Collision with vehicle,3,Day,BASS COAST,Not at intersection,50,-38.45521,145.20144
T20170004940,11-03-2017,11:20:00,Saturday,1,Collision with vehicle,2,Day,BASS COAST,Not at intersection,100,-38.521509,145.431299
T20170005137,14-03-2017,08:15:00,Tuesday,2,Struck Pedestrian,2,Day,BASS COAST,Not at intersection,50,-38.609392,145.59517
T20170005300,16-03-2017,12:45:00,Thursday,6,Vehicle overturned (no collision),2,Day,BASS COAST,Not at intersection,100,-38.323689,145.542152
T20170006007,25-03-2017,04:14:00,Saturday,4,Collision with a fixed object,1,Dark Street lights on,BASS COAST,Not at intersection,80,-38.520995,145.333478
T20170006318,29-03-2017,07:30:00,Wednesday,1,Collision with vehicle,2,Day,BASS COAST,T intersection,100,-38.472201,145.474807
T20170006397,24-03-2017,11:15:00,Friday,1,Collision with vehicle,3,Day,BASS COAST,Not at intersection,100,-38.586316,145.809977
T20170006581,01-04-2017,12:33:00,Saturday,4,Collision with a fixed object,2,Day,BASS COAST,T intersection,100,-38.528713,145.559138
T20170006631,01-04-2017,18:10:00,Saturday,4,Collision with a fixed object,2,Day,BASS COAST,Not at intersection,100,-38.510698,145.564739
T20170006788,04-04-2017,16:00:00,Tuesday,1,Collision with vehicle,2,Dusk/Dawn,BASS COAST,Not at intersection,50,-38.602672,145.59177
T20170007024,07-04-2017,17:50:00,Friday,1,Collision with vehicle,2,Dusk/Dawn,BASS COAST,Not at intersection,80,-38.480331,145.178251
T20170007434,12-04-2017,18:10:00,Wednesday,4,Collision with a fixed object,2,Dark Street lights on,BASS COAST,Not at intersection,50,-38.4145,145.476607
T20170008132,18-04-2017,16:00:00,Tuesday,1,Collision with vehicle,3,Day,BASS COAST,Cross intersection,60,-38.605804,145.593721
T20170008229,25-04-2017,12:00:00,Tuesday,4,Collision with a fixed object,2,Day,BASS COAST,Not at intersection,100,-38.53334,145.453171
T20170008244,25-04-2017,18:15:00,Tuesday,1,Collision with vehicle,3,Dark Street lights on,BASS COAST,T intersection,100,-38.472201,145.474807
T20170008691,02-05-2017,15:00:00,Tuesday,1,Collision with vehicle,2,Day,BASS COAST,Not at intersection,100,-38.304664,145.569507
T20170008741,03-05-2017,08:50:00,Wednesday,1,Collision with vehicle,3,Day,BASS COAST,Not at intersection,60,-38.60907,145.589229
T20170008970,06-05-2017,18:08:00,Saturday,1,Collision with vehicle,3,Dark Street lights on,BASS COAST,T intersection,70,-38.58882,145.580919
T20170009044,08-05-2017,01:15:00,Monday,3,Struck animal,2,Dark No street lights,BASS COAST,Not at intersection,100,-38.31343,145.540933
T20170010828,03-06-2017,07:50:00,Saturday,2,Struck Pedestrian,2,Day,BASS COAST,Not at intersection,50,-38.44937,145.2435
T20170011396,10-06-2017,19:15:00,Saturday,1,Collision with vehicle,3,Dark Street lights on,BASS COAST,T intersection,80,-38.521077,145.334047
T20170012034,10-06-2017,14:00:00,Saturday,4,Collision with a fixed object,3,Day,BASS COAST,T intersection,999,-38.579746,145.631809
T20170012500,26-06-2017,13:25:00,Monday,5,collision with some other object,2,Day,BASS COAST,Not at intersection,100,-38.562905,145.531641
T20170012781,18-06-2017,16:20:00,Sunday,8,No collision and no object struck,3,Day,BASS COAST,Not at intersection,60,-38.66509,145.598605
T20170012907,01-07-2017,22:10:00,Saturday,4,Collision with a fixed object,2,Dark Street lights on,BASS COAST,Not at intersection,50,-38.452331,145.2368
T20170013228,12-03-2017,06:30:00,Sunday,8,No collision and no object struck,3,Dark Street lights unknown,BASS COAST,Not at intersection,100,-38.561096,145.50445
T20170013496,11-07-2017,16:00:00,Tuesday,1,Collision with vehicle,3,Day,BASS COAST,Cross intersection,60,-38.46364,145.238984
T20170013835,16-07-2017,16:25:00,Sunday,1,Collision with vehicle,1,Day,BASS COAST,T intersection,100,-38.472201,145.474807
T20170014452,26-07-2017,10:00:00,Wednesday,4,Collision with a fixed object,2,Day,BASS COAST,Not at intersection,100,-38.55509,145.65267
T20170014516,26-07-2017,16:45:00,Wednesday,2,Struck Pedestrian,3,Day,BASS COAST,Not at intersection,60,-38.606259,145.589151
T20170015058,06-07-2017,09:00:00,Thursday,1,Collision with vehicle,3,Day,BASS COAST,Not at intersection,50,-38.61383,145.59851
T20170015393,09-08-2017,07:45:00,Wednesday,4,Collision with a fixed object,2,Day,BASS COAST,Not at intersection,100,-38.53488,145.550852
T20170015402,09-08-2017,08:40:00,Wednesday,4,Collision with a fixed object,3,Day,BASS COAST,Not at intersection,100,-38.496697,145.23295
T20170015893,16-08-2017,18:15:00,Wednesday,1,Collision with vehicle,3,Dark No street lights,BASS COAST,Multiple intersection,80,-38.47323,145.238998
T20170015986,18-08-2017,08:30:00,Friday,1,Collision with vehicle,2,Day,BASS COAST,Not at intersection,100,-38.362317,145.658803
T20170015987,18-08-2017,09:35:00,Friday,1,Collision with vehicle,3,Day,BASS COAST,Not at intersection,60,-38.491512,145.266827
T20170015988,18-08-2017,10:48:00,Friday,1,Collision with vehicle,3,Day,BASS COAST,Cross intersection,50,-38.450284,145.243503
T20170016521,26-08-2017,16:55:00,Saturday,1,Collision with vehicle,2,Day,BASS COAST,T intersection,80,-38.498095,145.273229
T20170017006,03-09-2017,14:08:00,Sunday,1,Collision with vehicle,1,Day,BASS COAST,Not at intersection,100,-38.312735,145.582142
T20170017551,29-05-2017,08:50:00,Monday,1,Collision with vehicle,3,Day,BASS COAST,T intersection,100,-38.496601,145.160436
T20170017640,07-09-2017,18:45:00,Thursday,1,Collision with vehicle,3,Dusk/Dawn,BASS COAST,Not at intersection,70,-38.590829,145.585086
T20170017930,18-09-2017,14:06:00,Monday,1,Collision with vehicle,2,Day,BASS COAST,Cross intersection,999,-38.608729,145.588996
T20170018090,20-09-2017,14:20:00,Wednesday,1,Collision with vehicle,3,Day,BASS COAST,Not at intersection,40,-38.600279,145.60018
T20170018815,02-10-2017,15:30:00,Monday,1,Collision with vehicle,3,Day,BASS COAST,Not at intersection,50,-38.60596,145.58852
T20170019411,12-10-2017,11:00:00,Thursday,4,Collision with a fixed object,2,Day,BASS COAST,Not at intersection,100,-38.62127,145.72238
T20170019916,19-10-2017,12:45:00,Thursday,1,Collision with vehicle,3,Day,BASS COAST,Not at intersection,60,-38.59769,145.579496
T20170020028,20-10-2017,16:17:00,Friday,1,Collision with vehicle,2,Day,BASS COAST,Not at intersection,60,-38.59811,145.592438
T20170020283,23-10-2017,17:20:00,Monday,1,Collision with vehicle,2,Day,BASS COAST,Not at intersection,50,-38.633943,145.728879
T20170020330,24-10-2017,16:00:00,Tuesday,1,Collision with vehicle,2,Day,BASS COAST,Cross intersection,100,-38.500129,145.461469
T20170020413,26-10-2017,10:34:00,Thursday,6,Vehicle overturned (no collision),3,Day,BASS COAST,Not at intersection,100,-38.58454,145.602319
T20170020425,26-10-2017,08:15:00,Thursday,4,Collision with a fixed object,2,Day,BASS COAST,Not at intersection,50,-38.41548,145.52223
T20170020953,02-11-2017,15:30:00,Thursday,1,Collision with vehicle,2,Day,BASS COAST,Cross intersection,60,-38.612974,145.593961
T20170022115,19-11-2017,12:20:00,Sunday,1,Collision with vehicle,3,Day,BASS COAST,T intersection,50,-38.520703,145.37438
T20170023487,08-12-2017,22:15:00,Friday,4,Collision with a fixed object,2,Dark Street lights on,BASS COAST,Not at intersection,60,-38.456143,145.23031
T20170023711,12-12-2017,08:45:00,Tuesday,1,Collision with vehicle,3,Day,BASS COAST,T intersection,100,-38.521752,145.430967
T20170023846,14-12-2017,02:20:00,Thursday,4,Collision with a fixed object,2,Dark No street lights,BASS COAST,Not at intersection,100,-38.42594,145.45883
T20170024566,23-12-2017,09:05:00,Saturday,1,Collision with vehicle,3,Day,BASS COAST,Cross intersection,50,-38.528224,145.3389
T20170024642,25-12-2017,18:30:00,Monday,1,Collision with vehicle,2,Day,BASS COAST,Cross intersection,60,-38.456155,145.248404
T20170024693,26-12-2017,17:00:00,Tuesday,1,Collision with vehicle,3,Day,BASS COAST,Not at intersection,100,-38.51993,145.43345
T20170024696,26-12-2017,19:50:00,Tuesday,4,Collision with a fixed object,3,Day,BASS COAST,Not at intersection,80,-38.64174,145.602079
T20170024851,29-12-2017,12:08:00,Friday,1,Collision with vehicle,3,Day,BASS COAST,Not at intersection,60,-38.456156,145.23724
T20180000026,31-12-2017,08:30:00,Sunday,8,No collision and no object struck,2,Day,BASS COAST,T intersection,50,-38.672752,145.615592
T20180000153,03-01-2018,16:50:00,Wednesday,1,Collision with vehicle,3,Day,BASS COAST,Not at intersection,80,-38.517393,145.319729
T20180000276,05-01-2018,09:54:00,Friday,2,Struck Pedestrian,2,Day,BASS COAST,Not at intersection,50,-38.606214,145.589601
T20180000339,06-01-2018,17:40:00,Saturday,5,collision with some other object,3,Day,BASS COAST,Not at intersection,100,-38.565353,145.558898
T20180000599,11-01-2018,10:55:00,Thursday,2,Struck Pedestrian,2,Day,BASS COAST,Not at intersection,50,-38.501478,145.25513
T20180000880,15-01-2018,17:25:00,Monday,6,Vehicle overturned (no collision),3,Day,BASS COAST,Not at intersection,100,-38.577019,145.632745
T20180000938,16-01-2018,16:25:00,Tuesday,1,Collision with vehicle,3,Day,BASS COAST,Not at intersection,100,-38.6176,145.722929
T20180000989,17-01-2018,09:50:00,Wednesday,4,Collision with a fixed object,3,Day,BASS COAST,Not at intersection,80,-38.496689,145.24208
T20180001080,18-01-2018,17:45:00,Thursday,4,Collision with a fixed object,3,Day,BASS COAST,Not at intersection,100,-38.360602,145.642512
T20180001159,19-01-2018,22:10:00,Friday,1,Collision with vehicle,2,Dark Street lights on,BASS COAST,Cross intersection,100,-38.433019,145.496691
T20180001162,20-01-2018,01:00:00,Saturday,1,Collision with vehicle,2,Dark Street lights on,BASS COAST,Not at intersection,50,-38.44894,145.234472
T20180001370,01-06-2017,13:00:00,Thursday,8,No collision and no object struck,3,Day,BASS COAST,Not at intersection,80,-38.46504,145.238985
T20180002297,28-01-2018,03:00:00,Sunday,3,Struck animal,3,Dark No street lights,BASS COAST,Not at intersection,100,-38.64984,145.611436
T20180002943,14-02-2018,21:45:00,Wednesday,6,Vehicle overturned (no collision),3,Dark No street lights,BASS COAST,Not at intersection,100,-38.428461,145.505761
T20180003040,16-02-2018,20:10:00,Friday,2,Struck Pedestrian,2,Day,BASS COAST,Not at intersection,999,-38.634551,145.729819
T20180003534,23-02-2018,15:05:00,Friday,4,Collision with a fixed object,2,Day,BASS COAST,Not at intersection,100,-38.517739,145.661167
T20180003632,24-02-2018,08:40:00,Saturday,4,Collision with a fixed object,3,Day,BASS COAST,Not at intersection,100,-38.621286,145.695941
T20180003811,27-02-2018,18:40:00,Tuesday,1,Collision with vehicle,3,Dusk/Dawn,BASS COAST,Cross intersection,80,-38.625023,145.733005
T20180004137,19-02-2018,15:00:00,Monday,1,Collision with vehicle,3,Day,BASS COAST,T intersection,60,-38.592921,145.589501
T20180004235,05-03-2018,16:11:00,Monday,4,Collision with a fixed object,2,Day,BASS COAST,Cross intersection,80,-38.496665,145.201379
T20180004435,07-03-2018,19:44:00,Wednesday,4,Collision with a fixed object,3,Day,BASS COAST,Dead end,60,-38.42097,145.4773
T20180004669,11-03-2018,02:10:00,Sunday,3,Struck animal,3,Dark No street lights,BASS COAST,Not at intersection,100,-38.496605,145.21781
T20180004683,10-03-2018,15:30:00,Saturday,1,Collision with vehicle,2,Day,BASS COAST,Not at intersection,60,-38.514667,145.35175
T20180004841,13-03-2018,19:30:00,Tuesday,3,Struck animal,2,Dusk/Dawn,BASS COAST,Not at intersection,100,-38.626628,145.755161
T20180005575,24-03-2018,12:55:00,Saturday,4,Collision with a fixed object,2,Day,BASS COAST,Not at intersection,100,-38.526644,145.443132
T20180005589,24-03-2018,15:10:00,Saturday,1,Collision with vehicle,3,Day,BASS COAST,Cross intersection,50,-38.450287,145.23759
T20180005726,26-03-2018,11:15:00,Monday,8,No collision and no object struck,3,Day,BASS COAST,Not at intersection,100,-38.518711,145.660923
T20180005898,28-03-2018,11:48:00,Wednesday,1,Collision with vehicle,3,Day,BASS COAST,Cross intersection,50,-38.631921,145.733848
T20180006573,06-04-2018,20:35:00,Friday,1,Collision with vehicle,2,Dark No street lights,BASS COAST,T intersection,80,-38.496601,145.160436
T20180007118,15-04-2018,16:28:00,Sunday,4,Collision with a fixed object,2,Day,BASS COAST,Not at intersection,100,-38.529481,145.447937
T20180007448,20-04-2018,07:45:00,Friday,1,Collision with vehicle,3,Day,BASS COAST,Cross intersection,80,-38.496697,145.238932
T20180007598,22-04-2018,16:40:00,Sunday,1,Collision with vehicle,3,Day,BASS COAST,Cross intersection,80,-38.521847,145.334155
T20180008196,01-05-2018,14:20:00,Tuesday,4,Collision with a fixed object,2,Day,BASS COAST,Not at intersection,60,-38.413853,145.54321
T20180008318,03-05-2018,08:50:00,Thursday,1,Collision with vehicle,3,Day,BASS COAST,T intersection,60,-38.58882,145.580919
T20180008515,05-05-2018,14:15:00,Saturday,4,Collision with a fixed object,2,Day,BASS COAST,Not at intersection,100,-38.42141,145.688401
T20180008520,05-05-2018,14:16:00,Saturday,1,Collision with vehicle,2,Day,BASS COAST,Not at intersection,100,-38.421468,145.688336
T20180008762,09-05-2018,08:30:00,Wednesday,6,Vehicle overturned (no collision),3,Day,BASS COAST,Not at intersection,50,-38.629732,145.722229
T20180009057,13-05-2018,17:35:00,Sunday,4,Collision with a fixed object,2,Dusk/Dawn,BASS COAST,Not at intersection,80,-38.521023,145.333599
T20180009087,30-03-2018,13:45:00,Friday,1,Collision with vehicle,3,Day,BASS COAST,Not at intersection,90,-38.523575,145.413641
T20180009385,14-05-2018,19:40:00,Monday,1,Collision with vehicle,3,Dark Street lights on,BASS COAST,Cross intersection,50,-38.605156,145.588387
T20180009527,20-05-2018,19:00:00,Sunday,4,Collision with a fixed object,2,Dark Street lights on,BASS COAST,Not at intersection,100,-38.334812,145.554586
T20180009730,23-05-2018,09:20:00,Wednesday,4,Collision with a fixed object,2,Day,BASS COAST,Not at intersection,100,-38.534509,145.454103
T20180010524,02-06-2018,10:18:00,Saturday,1,Collision with vehicle,2,Day,BASS COAST,Cross intersection,100,-38.472201,145.474807
T20180010646,06-06-2018,06:30:00,Wednesday,8,No collision and no object struck,2,Dark No street lights,BASS COAST,T intersection,50,-38.482077,145.234238
T20180012153,28-06-2018,23:18:00,Thursday,4,Collision with a fixed object,2,Dark No street lights,BASS COAST,Not at intersection,100,-38.631377,145.801427
T20180012397,25-06-2018,16:00:00,Monday,1,Collision with vehicle,3,Day,BASS COAST,Not at intersection,100,-38.561157,145.51462
T20180013332,01-07-2018,15:00:00,Sunday,8,No collision and no object struck,3,Day,BASS COAST,Not at intersection,999,-38.523811,145.543439
T20180013387,15-07-2018,03:35:00,Sunday,4,Collision with a fixed object,2,Dark Street lights unknown,BASS COAST,Not at intersection,80,-38.515172,145.346251
T20180013409,17-07-2018,15:35:00,Tuesday,2,Struck Pedestrian,2,Day,BASS COAST,Not at intersection,50,-38.6307,145.730142
T20180013491,18-07-2018,10:10:00,Wednesday,4,Collision with a fixed object,2,Day,BASS COAST,Not at intersection,100,-38.48615,145.464482
T20180013519,19-07-2018,08:50:00,Thursday,4,Collision with a fixed object,2,Day,BASS COAST,Not at intersection,50,-38.6051,145.58895
T20180013557,19-07-2018,12:54:00,Thursday,1,Collision with vehicle,2,Day,BASS COAST,T intersection,100,-38.521752,145.430967
T20180013698,21-07-2018,16:45:00,Saturday,2,Struck Pedestrian,3,Day,BASS COAST,Not at intersection,50,-38.45933,145.25616
T20180014075,27-07-2018,08:00:00,Friday,4,Collision with a fixed object,2,Day,BASS COAST,Not at intersection,100,-38.59436,145.72529
T20180015286,13-08-2018,09:40:00,Monday,1,Collision with vehicle,2,Day,BASS COAST,Cross intersection,80,-38.62698,145.721973
T20180015979,24-08-2018,11:30:00,Friday,1,Collision with vehicle,2,Day,BASS COAST,Not at intersection,100,-38.394362,145.539505
T20180015990,24-08-2018,13:35:00,Friday,4,Collision with a fixed object,3,Day,BASS COAST,Not at intersection,60,-38.482087,145.24873
T20180016597,02-09-2018,12:30:00,Sunday,1,Collision with vehicle,3,Day,BASS COAST,Not at intersection,100,-38.430276,145.684167
T20180017365,14-09-2018,10:45:00,Friday,1,Collision with vehicle,2,Day,BASS COAST,Not at intersection,100,-38.621208,145.6954
T20180017496,16-09-2018,10:00:00,Sunday,1,Collision with vehicle,2,Day,BASS COAST,Not at intersection,100,-38.531744,145.450237