ACCIDENT_NO,ACCIDENT_DATE,ACCIDENT_TIME,DAY_WEEK_DESC,ACCIDENT_TYPE,ACCIDENT_TYPE_DESC,SEVERITY_RANK,LIGHT_CONDITION_DESC,LGA_NAME,ROAD_GEOMETRY_DESC,SPEED_ZONE,LATITUDE,LONGITUDE
T20210008568,31-03-2021,11:51:00,Wednesday,2,Struck Pedestrian,2,Unk.,BASS COAST,Not at intersection,60,-38.45059,145.238979
T20210008701,19-04-2021,11:05:00,Monday,4,Collision with a fixed object,3,Day,BASS COAST,T intersection,100,-38.595906,145.725846
T20210008822,20-04-2021,13:35:00,Tuesday,1,Collision with vehicle,2,Day,BASS COAST,Not at intersection,100,-38.486961,145.647479
T20210008961,22-04-2021,10:37:00,Thursday,2,Struck Pedestrian,2,Day,BASS COAST,Not at intersection,888,-38.45517,145.238977
T20210009148,24-04-2021,15:10:00,Saturday,6,Vehicle overturned (no collision),3,Day,BASS COAST,Not at intersection,50,-38.450286,145.238163
T20210009326,26-04-2021,15:40:00,Monday,4,Collision with a fixed object,2,Day,BASS COAST,Not at intersection,50,-38.616266,145.585855
T20210009708,01-05-2021,01:20:00,Saturday,4,Collision with a fixed object,3,Dark No street lights,BASS COAST,Not at intersection,80,-38.531009,145.448985
T20210009948,02-05-2021,14:15:00,Sunday,4,Collision with a fixed object,2,Day,BASS COAST,Not at intersection,80,-38.413689,145.544346
T20210010205,06-05-2021,05:42:00,Thursday,6,Vehicle overturned (no collision),3,Dark No street lights,BASS COAST,Not at intersection,100,-38.468702,145.627186
T20210010866,14-05-2021,12:10:00,Friday,4,Collision with a fixed object,2,Day,BASS COAST,Not at intersection,100,-38.509629,145.698245
T20210011434,21-05-2021,09:40:00,Friday,1,Collision with vehicle,3,Day,BASS COAST,Cross intersection,50,-38.605156,145.588387
T20210011880,26-05-2021,12:55:00,Wednesday,8,No collision and no object struck,3,Day,BASS COAST,Not at intersection,999,-38.52638,145.445021
T20210011897,23-04-2021,18:00:00,Friday,4,Collision with a fixed object,3,Dark No street lights,BASS COAST,Not at intersection,999,-38.524834,145.724635
T20210012060,28-05-2021,12:33:00,Friday,1,Collision with vehicle,3,Day,BASS COAST,Cross intersection,60,-38.496687,145.257596
T20210012745,09-06-2021,07:05:00,Wednesday,2,Struck Pedestrian,3,Dusk/Dawn,BASS COAST,Not at intersection,60,-38.590695,145.584803
T20210013385,18-06-2021,17:44:00,Friday,1,Collision with vehicle,3,Dark Street lights on,BASS COAST,T intersection,60,-38.667593,145.621061
T20210013588,11-06-2021,17:20:00,Friday,1,Collision with vehicle,3,Dark Street lights on,BASS COAST,Cross intersection,50,-38.452325,145.238981
T20210013678,22-06-2021,15:13:00,Tuesday,1,Collision with vehicle,3,Day,BASS COAST,T intersection,80,-38.625847,145.741119
T20210014089,27-06-2021,13:40:00,Sunday,8,No collision and no object struck,3,Day,BASS COAST,Not at intersection,50,-38.593035,145.592244
T20210015264,11-07-2021,13:40:00,Sunday,1,Collision with vehicle,3,Day,BASS COAST,Cross intersection,60,-38.515645,145.359458
T20210016084,22-07-2021,09:00:00,Thursday,2,Struck Pedestrian,3,Day,BASS COAST,T intersection,999,-38.605738,145.58848
T20210016654,01-08-2021,00:02:00,Sunday,6,Vehicle overturned (no collision),3,Dark No street lights,BASS COAST,Not at intersection,100,-38.500821,145.466838
T20210016773,02-08-2021,14:00:00,Monday,4,Collision with a fixed object,3,Day,BASS COAST,Not at intersection,80,-38.419141,145.463699
T20210017209,09-08-2021,10:20:00,Monday,2,Struck Pedestrian,3,Day,BASS COAST,Not at intersection,50,-38.63618,145.710587
T20210017880,28-06-2021,14:40:00,Monday,8,No collision and no object struck,3,Day,BASS COAST,Not at intersection,100,-38.508115,145.45058
T20210018003,22-08-2021,18:38:00,Sunday,1,Collision with vehicle,3,Dark Street lights on,BASS COAST,Cross intersection,60,-38.450285,145.238979
T20210018218,26-08-2021,23:39:00,Thursday,4,Collision with a fixed object,2,Dark No street lights,BASS COAST,T intersection,100,-38.496601,145.160436
T20210018346,29-08-2021,16:25:00,Sunday,1,Collision with vehicle,2,Day,BASS COAST,Cross intersection,60,-38.452325,145.220171
T20210018717,05-09-2021,17:00:00,Sunday,1,Collision with vehicle,2,Day,BASS COAST,Cross intersection,60,-38.612974,145.593961
T20210019018,11-09-2021,06:45:00,Saturday,4,Collision with a fixed object,2,Dusk/Dawn,BASS COAST,Not at intersection,100,-38.358255,145.561233
T20210019053,12-09-2021,08:15:00,Sunday,1,Collision with vehicle,2,Day,BASS COAST,Not at intersection,80,-38.404582,145.532778
T20210019073,12-09-2021,13:15:00,Sunday,1,Collision with vehicle,3,Day,BASS COAST,T intersection,50,-38.594775,145.600547
T20210019282,16-09-2021,05:30:00,Thursday,2,Struck Pedestrian,3,Dark No street lights,BASS COAST,Not at intersection,999,-38.563607,145.548373
T20210019526,20-09-2021,10:50:00,Monday,1,Collision with vehicle,3,Day,BASS COAST,Not at intersection,60,-38.487744,145.263171
T20210020723,13-10-2021,08:15:00,Wednesday,1,Collision with vehicle,3,Day,BASS COAST,Cross intersection,50,-38.606317,145.588583
T20210021372,22-10-2021,18:30:00,Friday,1,Collision with vehicle,3,Day,BASS COAST,Not at intersection,80,-38.482092,145.252794
T20210021996,01-11-2021,14:56:00,Monday,1,Collision with vehicle,3,Day,BASS COAST,T intersection,80,-38.472201,145.474807
T20210022166,25-10-2021,20:38:00,Monday,1,Collision with vehicle,3,Dark Street lights on,BASS COAST,Not at intersection,60,-38.593438,145.59056
T20210023235,17-11-2021,06:30:00,Wednesday,4,Collision with a fixed object,2,Day,BASS COAST,Not at intersection,80,-38.419545,145.550365
T20210023587,21-11-2021,14:32:00,Sunday,1,Collision with vehicle,3,Day,BASS COAST,Not at intersection,100,-38.562967,145.714048
T20210023657,22-11-2021,13:15:00,Monday,4,Collision with a fixed object,3,Day,BASS COAST,Cross intersection,100,-38.50014,145.461947
T20210023770,19-11-2021,15:15:00,Friday,1,Collision with vehicle,2,Day,BASS COAST,Not at intersection,60,-38.524174,145.37231
T20210024019,26-11-2021,13:15:00,Friday,1,Collision with vehicle,2,Day,BASS COAST,T intersection,80,-38.463637,145.229712
T20210024059,26-11-2021,19:25:00,Friday,1,Collision with vehicle,2,Day,BASS COAST,Cross intersection,100,-38.472278,145.187447
T20210024109,27-11-2021,10:20:00,Saturday,1,Collision with vehicle,3,Day,BASS COAST,Cross intersection,100,-38.500197,145.46192
T20210024971,07-12-2021,00:10:00,Tuesday,1,Collision with vehicle,2,Dark Street lights on,BASS COAST,Cross intersection,50,-38.452325,145.238981
T20210025316,10-12-2021,18:00:00,Friday,1,Collision with vehicle,3,Day,BASS COAST,Not at intersection,60,-38.563716,145.543329
T20210025818,16-12-2021,16:45:00,Thursday,1,Collision with vehicle,2,Day,BASS COAST,T intersection,100,-38.561071,145.499728
T20210026637,26-12-2021,12:13:00,Sunday,1,Collision with vehicle,2,Day,BASS COAST,Not at intersection,100,-38.486637,145.647245
T20220000070,01-01-2022,22:10:00,Saturday,6,Vehicle overturned (no collision),2,Dark No street lights,BASS COAST,T intersection,100,-38.627784,145.808653
T20220000092,02-01-2022,10:40:00,Sunday,1,Collision with vehicle,2,Day,BASS COAST,Not at intersection,60,-38.511894,145.299391
T20220000150,03-01-2022,12:42:00,Monday,4,Collision with a fixed object,2,Day,BASS COAST,Not at intersection,60,-38.636766,145.711779
T20220000157,03-01-2022,14:11:00,Monday,1,Collision with vehicle,2,Day,BASS COAST,Not at intersection,100,-38.51633,145.438357
T20220000421,07-01-2022,14:22:00,Friday,1,Collision with vehicle,3,Day,BASS COAST,Cross intersection,50,-38.466621,145.175325
T20220000475,08-01-2022,21:52:00,Saturday,8,No collision and no object struck,3,Dark No street lights,BASS COAST,Not at intersection,80,-38.517949,145.321853
T20220000638,01-12-2021,00:01:00,Wednesday,6,Vehicle overturned (no collision),2,Dark Street lights on,BASS COAST,Not at intersection,80,-38.463614,145.208452
T20220001396,23-01-2022,04:35:00,Sunday,4,Collision with a fixed object,2,Dark Street lights on,BASS COAST,Not at intersection,60,-38.514663,145.354086
T20220001449,23-01-2022,21:46:00,Sunday,1,Collision with vehicle,3,Dark No street lights,BASS COAST,T intersection,100,-38.353289,145.649056
T20220001867,28-01-2022,21:00:00,Friday,1,Collision with vehicle,2,Dark Street lights on,BASS COAST,Not at intersection,70,-38.587599,145.579275
T20220002110,31-01-2022,18:25:00,Monday,1,Collision with vehicle,3,Day,BASS COAST,Cross intersection,60,-38.527244,145.371631
T20220002752,13-01-2022,12:30:00,Thursday,1,Collision with vehicle,3,Day,BASS COAST,Not at intersection,60,-38.637329,145.60396
T20220002883,10-02-2022,11:04:00,Thursday,1,Collision with vehicle,3,Day,BASS COAST,Cross intersection,50,-38.631921,145.733848
T20220003081,12-02-2022,15:05:00,Saturday,1,Collision with vehicle,3,Day,BASS COAST,T intersection,100,-38.488196,145.4641
T20220003374,15-02-2022,09:30:00,Tuesday,1,Collision with vehicle,3,Day,BASS COAST,Not at intersection,70,-38.58653,145.577959
T20220003905,22-02-2022,06:30:00,Tuesday,4,Collision with a fixed object,3,Day,BASS COAST,T intersection,80,-38.62761,145.717238
T20220003913,11-02-2022,23:30:00,Friday,4,Collision with a fixed object,3,Dark No street lights,BASS COAST,Not at intersection,100,-38.580805,145.628082
T20220005577,12-03-2022,11:15:00,Saturday,1,Collision with vehicle,3,Day,BASS COAST,Not at intersection,50,-38.635837,145.727764
T20220005662,13-03-2022,11:45:00,Sunday,1,Collision with vehicle,3,Day,BASS COAST,T intersection,100,-38.627784,145.808653
T20220006876,27-03-2022,17:00:00,Sunday,1,Collision with vehicle,3,Day,BASS COAST,Not at intersection,100,-38.616946,145.662957
T20220007103,30-03-2022,11:35:00,Wednesday,4,Collision with a fixed object,3,Day,BASS COAST,Not at intersection,100,-38.584144,145.753133
T20220007218,31-03-2022,13:00:00,Thursday,4,Collision with a fixed object,2,Day,BASS COAST,T intersection,100,-38.570618,145.567395
T20220008026,10-04-2022,11:30:00,Sunday,5,collision with some other object,2,Day,BASS COAST,Not at intersection,100,-38.479143,145.641397
T20220008201,12-04-2022,15:40:00,Tuesday,1,Collision with vehicle,3,Day,BASS COAST,T intersection,60,-38.605077,145.601076
T20220008304,13-04-2022,12:50:00,Wednesday,1,Collision with vehicle,3,Day,BASS COAST,Not at intersection,100,-38.61502,145.643934
T20220008506,15-04-2022,11:49:00,Friday,4,Collision with a fixed object,2,Day,BASS COAST,Not at intersection,100,-38.63468,145.603129
T20220008541,16-04-2022,11:00:00,Saturday,1,Collision with vehicle,3,Day,BASS COAST,Cross intersection,100,-38.46361,145.20143
T20220008587,16-04-2022,19:50:00,Saturday,2,Struck Pedestrian,3,Dark Street lights unknown,BASS COAST,T intersection,50,-38.450213,145.242008
T20220008866,20-04-2022,16:15:00,Wednesday,1,Collision with vehicle,3,Day,BASS COAST,Not at intersection,50,-38.562462,145.543267
T20220009367,01-04-2022,22:15:00,Friday,1,Collision with vehicle,3,Dark No street lights,BASS COAST,Not at intersection,999,-38.454406,145.221156
T20220010541,10-05-2022,15:20:00,Tuesday,1,Collision with vehicle,3,Day,BASS COAST,Not at intersection,40,-38.489429,145.264806
T20220011095,16-05-2022,17:45:00,Monday,1,Collision with vehicle,2,Dark No street lights,BASS COAST,Not at intersection,100,-38.426525,145.4634
T20220011583,22-05-2022,18:00:00,Sunday,1,Collision with vehicle,3,Dark Street lights on,BASS COAST,Cross intersection,80,-38.482546,145.257525
T20220012152,23-05-2022,05:20:00,Monday,4,Collision with a fixed object,2,Dark No street lights,BASS COAST,Not at intersection,60,-38.42097,145.4773
T20220012782,06-06-2022,10:50:00,Monday,1,Collision with vehicle,2,Day,BASS COAST,Not at intersection,100,-38.579932,145.57428
T20220012900,31-03-2022,11:40:00,Thursday,2,Struck Pedestrian,2,Day,BASS COAST,Not at intersection,50,-38.521386,145.339096
T20220012937,06-06-2022,05:25:00,Monday,1,Collision with vehicle,3,Dark Street lights on,BASS COAST,Cross intersection,60,-38.606317,145.588583
T20220013330,13-06-2022,07:10:00,Monday,4,Collision with a fixed object,3,Dusk/Dawn,BASS COAST,Not at intersection,100,-38.471695,145.542598
T20220013836,19-06-2022,12:10:00,Sunday,4,Collision with a fixed object,3,Day,BASS COAST,Not at intersection,80,-38.670885,145.65632
T20220013837,19-06-2022,13:53:00,Sunday,1,Collision with vehicle,3,Day,BASS COAST,Cross intersection,60,-38.605402,145.597669
T20220013934,20-06-2022,16:38:00,Monday,6,Vehicle overturned (no collision),3,Day,BASS COAST,Not at intersection,100,-38.542838,145.459984
T20220014526,04-06-2022,14:00:00,Saturday,8,No collision and no object struck,3,Day,BASS COAST,Not at intersection,50,-38.628161,145.730756
T20220014814,01-07-2022,22:00:00,Friday,4,Collision with a fixed object,3,Dark No street lights,BASS COAST,Not at intersection,100,-38.521416,145.542232
T20220015244,07-07-2022,16:49:00,Thursday,1,Collision with vehicle,3,Day,BASS COAST,T intersection,60,-38.592932,145.589524
T20220015370,09-07-2022,13:00:00,Saturday,1,Collision with vehicle,3,Day,BASS COAST,Not at intersection,60,-38.509146,145.293858
T20220015495,11-07-2022,10:39:00,Monday,4,Collision with a fixed object,3,Day,BASS COAST,Not at intersection,60,-38.573764,145.587222
T20220015875,15-07-2022,19:12:00,Friday,1,Collision with vehicle,2,Dark Street lights on,BASS COAST,Cross intersection,80,-38.472278,145.187447
T20220016207,20-07-2022,10:10:00,Wednesday,1,Collision with vehicle,2,Day,BASS COAST,Not at intersection,50,-38.644754,145.711416
T20220016301,21-07-2022,13:20:00,Thursday,1,Collision with vehicle,2,Day,BASS COAST,T intersection,60,-38.514671,145.35047
T20220016778,27-07-2022,10:41:00,Wednesday,4,Collision with a fixed object,3,Day,BASS COAST,Not at intersection,100,-38.580464,145.629361
T20220016804,26-07-2022,17:16:00,Tuesday,6,Vehicle overturned (no collision),3,Day,BASS COAST,Not at intersection,50,-38.594859,145.597886
T20220017659,07-08-2022,12:32:00,Sunday,1,Collision with vehicle,3,Day,BASS COAST,Not at intersection,100,-38.485908,145.645843
T20220017953,11-08-2022,05:00:00,Thursday,4,Collision with a fixed object,3,Dark No street lights,BASS COAST,T intersection,50,-38.410789,145.427526
T20220018174,13-08-2022,14:34:00,Saturday,1,Collision with vehicle,2,Day,BASS COAST,Not at intersection,100,-38.514674,145.66448
T20220020318,08-09-2022,09:40:00,Thursday,6,Vehicle overturned (no collision),3,Day,BASS COAST,Not at intersection,999,-38.458891,145.54463
T20220020740,13-09-2022,09:15:00,Tuesday,1,Collision with vehicle,3,Day,BASS COAST,Not at intersection,999,-38.453462,145.238973
T20220021098,18-09-2022,07:17:00,Sunday,1,Collision with vehicle,3,Day,BASS COAST,Cross intersection,50,-38.601845,145.599924
T20220022263,03-10-2022,15:10:00,Monday,1,Collision with vehicle,3,Day,BASS COAST,T intersection,60,-38.607515,145.607125
T20220023102,14-10-2022,09:00:00,Friday,1,Collision with vehicle,3,Day,BASS COAST,Not at intersection,100,-38.430558,145.502441
T20220023120,14-10-2022,13:04:00,Friday,6,Vehicle overturned (no collision),3,Day,BASS COAST,Not at intersection,50,-38.453228,145.238975
T20220023128,14-10-2022,14:20:00,Friday,6,Vehicle overturned (no collision),3,Day,BASS COAST,Not at intersection,100,-38.611456,145.632844
T20220023323,01-10-2022,11:50:00,Saturday,4,Collision with a fixed object,2,Unk.,BASS COAST,Not at intersection,999,-38.51359,145.595818
T20220023849,23-10-2022,12:25:00,Sunday,2,Struck Pedestrian,3,Unk.,BASS COAST,T intersection,888,-38.590701,145.580507
T20220026592,23-11-2022,16:48:00,Wednesday,6,Vehicle overturned (no collision),3,Day,BASS COAST,Not at intersection,100,-38.532293,145.559572
T20220026682,24-11-2022,22:00:00,Thursday,1,Collision with vehicle,3,Dark No street lights,BASS COAST,Cross intersection,80,-38.49657,145.220132
T20220026860,27-11-2022,11:25:00,Sunday,1,Collision with vehicle,1,Day,BASS COAST,Not at intersection,80,-38.495807,145.270997
T20220026975,07-10-2022,18:15:00,Friday,1,Collision with vehicle,3,Day,BASS COAST,Cross intersection,50,-38.608453,145.591814
T20220027608,05-12-2022,15:20:00,Monday,1,Collision with vehicle,3,Day,BASS COAST,Not at intersection,40,-38.490134,145.26549
T20220027661,25-11-2022,07:25:00,Friday,1,Collision with vehicle,3,Day,BASS COAST,Not at intersection,80,-38.472201,145.474807
T20220028049,10-12-2022,11:22:00,Saturday,1,Collision with vehicle,2,Day,BASS COAST,T intersection,60,-38.452259,145.234481
T20220028370,13-12-2022,21:53:00,Tuesday,6,Vehicle overturned (no collision),2,Dark No street lights,BASS COAST,Not at intersection,80,-38.547942,145.499657
T20220028793,18-12-2022,12:00:00,Sunday,1,Collision with vehicle,2,Day,BASS COAST,Not at intersection,100,-38.452078,145.443238
T20220029106,21-12-2022,10:45:00,Wednesday,1,Collision with vehicle,3,Day,BASS COAST,Cross intersection,60,-38.601901,145.599931
T20220029118,18-12-2022,12:00:00,Sunday,8,No collision and no object struck,2,Day,BASS COAST,Not at intersection,999,-38.451007,145.656036
T20220029427,24-12-2022,21:15:00,Saturday,1,Collision with vehicle,1,Unk.,BASS COAST,Multiple intersection,80,-38.467885,145.239
T20220029475,25-12-2022,18:50:00,Sunday,1,Collision with vehicle,1,Day,BASS COAST,Cross intersection,80,-38.463446,145.201431
T20220029496,26-12-2022,11:40:00,Monday,1,Collision with vehicle,2,Day,BASS COAST,Not at intersection,100,-38.487488,145.647502
T20220029708,29-12-2022,08:20:00,Thursday,6,Vehicle overturned (no collision),2,Day,BASS COAST,Not at intersection,100,-38.519566,145.689512
T20220029812,30-12-2022,20:00:00,Friday,6,Vehicle overturned (no collision),3,Day,BASS COAST,Not at intersection,80,-38.414255,145.561145
T20220029827,31-12-2022,09:07:00,Saturday,1,Collision with vehicle,2,Day,BASS COAST,Cross intersection,80,-38.407583,145.530382
T20230000026,01-01-2023,09:59:00,Sunday,1,Collision with vehicle,2,Day,BASS COAST,Not at intersection,100,-38.61757,145.722933
T20230000037,01-01-2023,12:40:00,Sunday,1,Collision with vehicle,3,Day,BASS COAST,Cross intersection,60,-38.46364,145.238984
T20230000074,02-01-2023,12:21:00,Monday,1,Collision with vehicle,3,Day,BASS COAST,Cross intersection,80,-38.46361,145.20143
T20230000152,03-01-2023,15:00:00,Tuesday,1,Collision with vehicle,3,Day,BASS COAST,Cross intersection,60,-38.605804,145.593721
T20230000480,08-01-2023,08:45:00,Sunday,1,Collision with vehicle,3,Day,BASS COAST,T intersection,60,-38.45233,145.234818
T20230000548,01-01-2023,12:50:00,Sunday,1,Collision with vehicle,3,Day,BASS COAST,Not at intersection,80,-38.626947,145.722176
T20230000611,09-01-2023,23:00:00,Monday,8,No collision and no object struck,2,Dark Street lights on,BASS COAST,Not at intersection,50,-38.527896,145.336117
T20230000709,05-01-2023,12:30:00,Thursday,1,Collision with vehicle,3,Day,BASS COAST,T intersection,100,-38.544442,145.461404
T20230000810,21-12-2022,07:45:00,Wednesday,1,Collision with vehicle,3,Day,BASS COAST,Not at intersection,100,-38.495213,145.617283
T20230000834,12-01-2023,14:58:00,Thursday,1,Collision with vehicle,3,Day,BASS COAST,T intersection,60,-38.508002,145.29165
T20230001299,18-01-2023,12:40:00,Wednesday,1,Collision with vehicle,2,Day,BASS COAST,Not at intersection,100,-38.563061,145.532873
T20230001364,19-01-2023,07:45:00,Thursday,1,Collision with vehicle,2,Day,BASS COAST,Not at intersection,100,-38.584053,145.816251
T20230001389,14-01-2023,12:20:00,Saturday,1,Collision with vehicle,3,Day,BASS COAST,Not at intersection,60,-38.521538,145.381103
T20230001641,01-11-2022,01:00:00,Tuesday,4,Collision with a fixed object,3,Dark No street lights,BASS COAST,Not at intersection,110,-38.574607,145.707264
T20230002207,27-01-2023,20:20:00,Friday,1,Collision with vehicle,3,Dusk/Dawn,BASS COAST,Not at intersection,100,-38.566911,145.561493
T20230002451,31-01-2023,17:00:00,Tuesday,1,Collision with vehicle,3,Day,BASS COAST,Not at intersection,80,-38.515317,145.311788
T20230002870,05-02-2023,15:20:00,Sunday,2,Struck Pedestrian,2,Day,BASS COAST,Not at intersection,60,-38.456156,145.237134
T20230003648,15-02-2023,03:20:00,Wednesday,1,Collision with vehicle,3,Dark No street lights,BASS COAST,Not at intersection,100,-38.578572,145.648393
T20230003703,15-02-2023,16:25:00,Wednesday,4,Collision with a fixed object,3,Day,BASS COAST,Not at intersection,100,-38.576088,145.59537
T20230004249,21-02-2023,14:38:00,Tuesday,4,Collision with a fixed object,3,Day,BASS COAST,T intersection,888,-38.600793,145.590548
T20230004502,23-02-2023,19:15:00,Thursday,5,collision with some other object,2,Unk.,BASS COAST,Not at intersection,100,-38.617089,145.740504
T20230004506,27-01-2023,11:30:00,Friday,6,Vehicle overturned (no collision),3,Day,BASS COAST,Not at intersection,70,-38.528978,145.559095
T20230004725,26-02-2023,23:53:00,Sunday,1,Collision with vehicle,2,Dark No street lights,BASS COAST,Not at intersection,100,-38.522163,145.403297
T20230004855,28-02-2023,05:45:00,Tuesday,1,Collision with vehicle,1,Dark No street lights,BASS COAST,Not at intersection,100,-38.566746,145.561234
T20230005267,18-02-2023,12:15:00,Saturday,1,Collision with vehicle,3,Day,BASS COAST,Cross intersection,80,-38.482091,145.220135
T20230005412,08-01-2023,16:00:00,Sunday,2,Struck Pedestrian,3,Day,BASS COAST,Not at intersection,40,-38.635183,145.731104
T20230005580,07-03-2023,10:00:00,Tuesday,1,Collision with vehicle,3,Day,BASS COAST,Cross intersection,80,-38.496697,145.239033
T20230006016,12-03-2023,21:39:00,Sunday,4,Collision with a fixed object,3,Dark No street lights,BASS COAST,Not at intersection,80,-38.496643,145.225569
T20230006082,27-02-2023,15:30:00,Monday,1,Collision with vehicle,3,Day,BASS COAST,T intersection,100,-38.412076,145.52715
T20230006470,17-03-2023,20:25:00,Friday,1,Collision with vehicle,3,Dusk/Dawn,BASS COAST,T intersection,100,-38.478825,145.470149
T20230006607,20-03-2023,16:40:00,Monday,4,Collision with a fixed object,3,Day,BASS COAST,Not at intersection,100,-38.440593,145.48363
T20230006875,12-11-2022,11:00:00,Saturday,1,Collision with vehicle,3,Unk.,BASS COAST,T intersection,60,-38.520528,145.373059
T20230008404,10-04-2023,10:05:00,Monday,1,Collision with vehicle,2,Day,BASS COAST,T intersection,100,-38.472131,145.474846
T20230008443,10-04-2023,21:58:00,Monday,4,Collision with a fixed object,3,Dark Street lights on,BASS COAST,Not at intersection,80,-38.411318,145.527665
T20230008765,14-04-2023,14:56:00,Friday,1,Collision with vehicle,3,Day,BASS COAST,Not at intersection,60,-38.606911,145.582708
T20230009308,21-04-2023,13:33:00,Friday,1,Collision with vehicle,2,Day,BASS COAST,Cross intersection,80,-38.472278,145.187447
T20230009395,22-04-2023,14:15:00,Saturday,1,Collision with vehicle,3,Day,BASS COAST,Not at intersection,80,-38.473201,145.238998
T20230009734,26-04-2023,15:55:00,Wednesday,4,Collision with a fixed object,1,Day,BASS COAST,Not at intersection,100,-38.499119,145.524251
T20230010675,06-05-2023,16:14:00,Saturday,1,Collision with vehicle,2,Day,BASS COAST,Cross intersection,100,-38.432772,145.497182
T20230010698,07-05-2023,15:09:00,Sunday,4,Collision with a fixed object,3,Day,BASS COAST,Not at intersection,100,-38.454429,145.594554
T20230011480,17-05-2023,06:55:00,Wednesday,1,Collision with vehicle,2,Day,BASS COAST,Y intersection,60,-38.605084,145.60118
T20230011860,21-05-2023,16:43:00,Sunday,1,Collision with vehicle,2,Day,BASS COAST,Cross intersection,50,-38.51351,145.359727
T20230012422,28-05-2023,03:10:00,Sunday,4,Collision with a fixed object,3,Dark Street lights on,BASS COAST,T intersection,50,-38.637885,145.72436
T20230012491,29-05-2023,06:57:00,Monday,4,Collision with a fixed object,3,Dusk/Dawn,BASS COAST,Not at intersection,60,-38.564112,145.55249
T20230013304,07-06-2023,17:30:00,Wednesday,4,Collision with a fixed object,3,Dusk/Dawn,BASS COAST,Not at intersection,100,-38.540048,145.540598
T20230013431,09-06-2023,15:29:00,Friday,2,Struck Pedestrian,2,Day,BASS COAST,Not at intersection,40,-38.605823,145.593535
T20230013542,10-06-2023,19:45:00,Saturday,1,Collision with vehicle,2,Dark Street lights on,BASS COAST,T intersection,100,-38.309356,145.541809
T20230014356,19-01-2023,11:30:00,Thursday,1,Collision with vehicle,3,Unk.,BASS COAST,Cross intersection,999,-38.514661,145.353464
T20230014633,23-06-2023,16:30:00,Friday,4,Collision with a fixed object,3,Unk.,BASS COAST,Not at intersection,80,-38.459189,145.600572
T20230014872,26-06-2023,16:22:00,Monday,1,Collision with vehicle,2,Dusk/Dawn,BASS COAST,Not at intersection,100,-38.523858,145.415654
T20230014961,06-06-2023,08:00:00,Tuesday,1,Collision with vehicle,3,Dusk/Dawn,BASS COAST,Cross intersection,40,-38.606998,145.593889
T20230015061,28-06-2023,21:35:00,Wednesday,1,Collision with vehicle,3,Dark Street lights on,BASS COAST,Not at intersection,999,-38.521278,145.396662
T20230015710,07-07-2023,05:45:00,Friday,4,Collision with a fixed object,2,Dark No street lights,BASS COAST,T intersection,80,-38.496601,145.160436
T20230016242,16-05-2023,10:10:00,Tuesday,1,Collision with vehicle,3,Day,BASS COAST,Cross intersection,50,-38.452325,145.238981
T20230016916,20-07-2023,19:18:00,Thursday,4,Collision with a fixed object,2,Dark No street lights,BASS COAST,Not at intersection,100,-38.631167,145.603648
T20230021936,07-03-2023,12:00:00,Tuesday,1,Collision with vehicle,3,Day,BASS COAST,T intersection,50,-38.602644,145.592071